City_ID,City,Lat,Lng,Max Temp,Humidity,Cloudiness,Wind Speed,Country,Date
0,grytviken,-54.2811,-36.5092,-7.06,82,15,4.46,GS,1691461834
1,colon,9.3592,-79.9014,23.84,91,100,1.34,PA,1691461834
2,afaahiti,-17.75,-149.2833,27.93,79,88,5.28,PF,1691461835
3,manggar,-2.8833,108.2667,28.89,70,35,7.18,ID,1691461836
4,ilulissat,69.2167,-51.1,7.01,65,20,0.0,GL,1691461836
5,santa rita,-7.1139,-34.9781,24.37,88,20,2.06,BR,1691461837
6,makurdi,7.7411,8.5121,22.43,97,98,2.41,NG,1691461837
7,port-aux-francais,-49.35,70.2167,2.75,76,30,16.38,TF,1691461838
8,carnarvon,-24.8667,113.6333,23.37,62,77,2.21,AU,1691461838
9,port mathurin,-19.6833,63.4167,22.34,66,32,10.53,MU,1691461838
10,talnakh,69.4865,88.3972,18.45,54,100,2.1,RU,1691461839
11,qaqortoq,60.7167,-46.0333,4.91,88,4,1.27,GL,1691461839
12,amahai,-3.3333,128.9167,26.45,78,95,5.24,ID,1691461839
13,yreka,41.7354,-122.6345,29.1,27,0,7.72,US,1691461840
14,edinburgh of the seven seas,-37.0676,-12.3116,14.49,78,79,18.67,SH,1691461840
15,bethel,41.3712,-73.414,24.45,87,100,3.09,US,1691461741
16,yellowknife,62.456,-114.3525,17.29,55,75,1.54,CA,1691461842
17,saint-francois,46.4154,3.9054,8.69,100,0,1.03,FR,1691461843
18,castillos,-34.1667,-53.8333,7.46,82,0,3.16,UY,1691461844
19,dunedin,-45.8742,170.5036,8.22,60,99,6.71,NZ,1691461844
20,waitangi,-43.9535,-176.5597,10.46,79,100,1.34,NZ,1691461844
21,petropavlovsk-kamchatsky,53.0452,158.6483,22.33,40,0,2.0,RU,1691461618
22,zouerate,22.7187,-12.4521,25.6,44,2,5.26,MR,1691461845
23,utrik,11.2278,169.8474,28.43,75,53,8.95,MH,1691461845
24,puerto natales,-51.7236,-72.4875,-0.67,88,100,0.86,CL,1691461845
25,kodiak,57.79,-152.4072,14.73,88,100,2.57,US,1691461845
26,carutapera,-1.195,-46.02,24.74,91,34,2.75,BR,1691461846
27,udachny,66.4167,112.4,21.36,39,97,3.97,RU,1691461846
28,vilyuchinsk,52.9306,158.4028,23.15,54,4,3.47,RU,1691461846
29,birur,13.6167,75.9667,23.28,74,100,3.63,IN,1691461847
30,puerto ayora,-0.7393,-90.3518,24.19,88,100,3.13,EC,1691461847
31,cabedelo,-6.9811,-34.8339,24.37,85,17,5.43,BR,1691461815
32,victorica,-36.2151,-65.4359,7.19,48,96,7.79,AR,1691461847
33,crane,31.3974,-102.3501,33.35,27,0,8.32,US,1691461848
34,fort bragg,35.139,-79.006,23.44,94,75,4.12,US,1691461848
35,pelotas,-31.7719,-52.3425,10.48,89,2,1.79,BR,1691461848
36,babayevo,59.3936,35.9371,20.3,76,0,5.1,RU,1691461848
37,thompson,55.7435,-97.8558,15.09,77,75,2.57,CA,1691461849
38,raduzhny,62.0961,77.475,19.0,55,12,3.55,RU,1691461849
39,iqaluit,63.7506,-68.5145,6.85,87,75,2.57,CA,1691461850
40,ledbury,52.0364,-2.4263,13.07,90,79,1.65,GB,1691461851
41,vorgashor,67.5833,63.95,13.39,77,95,5.41,RU,1691461851
42,invercargill,-46.4,168.35,7.79,76,83,4.47,NZ,1691461851
43,khandyga,62.6667,135.6,21.85,28,88,2.34,RU,1691461851
44,port isabel,26.0734,-97.2086,30.05,80,0,6.17,US,1691461852
45,sisimiut,66.9395,-53.6735,6.63,74,60,0.31,GL,1691461853
46,lompoc,34.6391,-120.4579,23.9,92,100,1.34,US,1691461854
47,port-cartier,50.0334,-66.8654,16.12,78,100,2.91,CA,1691461854
48,adamstown,-25.066,-130.1015,21.09,76,45,5.13,PN,1691461855
49,papatowai,-46.5619,169.4708,6.43,72,82,7.47,NZ,1691461855
50,tazovsky,67.4667,78.7,16.5,65,4,1.82,RU,1691461856
51,uturoa,-16.7333,-151.4333,25.9,72,82,2.54,PF,1691461856
52,nagqu,31.5,92.0,10.92,71,100,1.92,CN,1691461856
53,rongelap,11.1635,166.8941,28.72,76,98,7.71,MH,1691461856
54,pundong,-7.9522,110.3486,28.06,62,2,4.54,ID,1691461857
55,hun,29.1268,15.9477,23.26,59,0,3.15,LY,1691461857
56,kapuskasing,49.4169,-82.4331,19.05,77,75,2.57,CA,1691461857
57,praia da vitoria,38.7333,-27.0667,22.09,94,40,0.91,PT,1691461858
58,ushuaia,-54.8,-68.3,1.81,80,0,1.54,AR,1691461859
59,blackmans bay,-43.0167,147.3167,13.18,64,10,1.16,AU,1691461859
60,nizhniy odes,63.6445,54.856,13.73,71,17,3.92,RU,1691461859
61,mumbwa,-14.9783,27.0619,13.65,67,17,2.02,ZM,1691461860
62,severo-yeniseyskiy,60.3725,93.0408,15.34,70,95,2.19,RU,1691461860
63,aasiaat,68.7098,-52.8699,0.22,85,15,1.21,GL,1691461860
64,beau vallon,-20.4189,57.6953,22.13,68,75,6.17,MU,1691461861
65,bredasdorp,-34.5322,20.0403,10.55,92,2,2.85,ZA,1691461862
66,lihue,21.9789,-159.3672,29.77,72,40,8.75,US,1691461862
67,novohrad-volynskyi,50.5941,27.6165,11.22,98,26,3.64,UA,1691461862
68,ambodifotatra,-16.9833,49.85,22.4,76,53,3.48,MG,1691461864
69,san buenaventura,27.0833,-101.5333,37.49,23,0,3.59,MX,1691461864
70,grand baie,-20.0182,57.5802,22.26,74,50,0.45,MU,1691461865
71,siwa oasis,29.2041,25.5195,27.3,56,0,3.09,EG,1691461865
72,farasan,16.7022,42.1183,31.18,72,92,4.25,SA,1691461867
73,gangakher,18.95,76.75,25.97,73,95,6.23,IN,1691461867
74,greenland,43.0362,-70.8328,21.49,84,100,6.17,US,1691461867
75,west island,-12.1568,96.8225,26.99,78,40,5.14,CC,1691461868
76,sitka,57.0531,-135.33,17.94,68,100,5.14,US,1691461868
77,flying fish cove,-10.4217,105.6791,25.82,83,75,6.17,CX,1691461868
78,anadyr,64.75,177.4833,13.28,76,75,6.0,RU,1691461869
79,badger,64.8,-147.5333,23.06,59,100,1.54,US,1691461869
80,kosh-agach,50.0,88.6667,16.36,59,36,0.63,RU,1691461869
81,jijiga,9.35,42.8,15.51,82,25,5.6,ET,1691461870
82,bilibino,68.0546,166.4372,10.12,58,81,0.54,RU,1691461870
83,mermoz boabab,14.7065,-17.4758,26.88,78,40,5.14,SN,1691461871
84,sholokhovskiy,48.2807,41.0459,23.71,53,0,4.27,RU,1691461871
85,tazacorte,28.629,-17.9293,21.54,85,0,2.68,ES,1691461872
86,thunder bay,48.4001,-89.3168,19.99,60,20,2.06,CA,1691461865
87,presidente medici,-11.1753,-61.9014,27.45,40,71,0.88,BR,1691461873
88,noumea,-22.2763,166.4572,22.99,75,95,6.63,NC,1691461857
89,lubang,13.8584,120.124,28.48,82,69,8.37,PH,1691461873
90,fale old settlement,-9.3852,-171.2468,28.25,68,17,6.03,TK,1691461873
91,punta arenas,-53.15,-70.9167,2.01,66,100,3.41,CL,1691461874
92,st. john's,47.5649,-52.7093,14.82,91,100,9.26,CA,1691461577
93,lupane,-18.9315,27.807,10.21,58,8,2.45,ZW,1691461874
94,olonkinbyen,70.9221,-8.7187,4.18,79,100,1.84,SJ,1691461875
95,lerwick,60.1545,-1.1494,8.0,72,73,6.66,GB,1691461875
96,kara suu,40.7046,72.8667,22.98,60,20,2.0,KG,1691461875
97,hermanus,-34.4187,19.2345,12.67,90,55,3.55,ZA,1691461875
98,lorengau,-2.0226,147.2712,28.92,71,52,7.14,PG,1691461876
99,malabar,-33.9667,151.25,19.84,63,40,3.09,AU,1691461876
100,oranjemund,-28.55,16.4333,11.92,97,36,3.12,NA,1691461876
101,tafuna,-14.3358,-170.72,29.97,79,20,4.12,AS,1691461877
102,alofi,-19.0595,-169.9187,24.94,88,75,3.6,NU,1691461877
103,zhezqazghan,47.7833,67.7667,19.32,82,75,3.0,KZ,1691461878
104,stanley,54.868,-1.6985,9.94,90,0,4.12,GB,1691461879
105,port elizabeth,-33.918,25.5701,13.16,94,0,4.63,ZA,1691461680
106,weyburn,49.6668,-103.8511,25.12,25,24,0.51,CA,1691461810
107,codrington,-38.2667,141.9667,13.72,62,0,3.33,AU,1691461879
108,nyaungdon,17.0333,95.65,26.03,86,100,4.48,MM,1691461880
109,santiago de cao,-7.9589,-79.2392,22.07,83,78,2.57,PE,1691461881
110,cambria,35.5641,-121.0808,28.41,95,38,1.79,US,1691461881
111,yarmouth,41.7057,-70.2286,23.34,92,75,4.12,US,1691461881
112,ribeira grande,38.5167,-28.7,20.99,82,3,3.58,PT,1691461882
113,argo,37.6333,22.7333,24.88,62,0,2.15,GR,1691461882
114,scarborough,54.2797,-0.4044,12.1,88,11,0.89,GB,1691461882
115,okhotsk,59.3833,143.3,15.88,47,88,2.3,RU,1691461882
116,ketchikan,55.3422,-131.6461,16.26,88,100,9.77,US,1691461594
117,sorong,-0.8833,131.25,28.74,68,83,5.92,ID,1691461883
118,margate,51.3813,1.3862,12.95,80,74,1.34,GB,1691461673
119,black point,-34.6187,137.8972,13.72,57,0,3.25,AU,1691461884
120,karratha,-20.7377,116.8463,27.3,28,0,6.31,AU,1691461884
121,arkalyk,50.2486,66.9114,23.19,34,24,5.69,KZ,1691461885
122,iaciara,-14.0958,-46.6317,21.64,31,1,1.48,BR,1691461885
123,ola,59.5833,151.2833,16.75,50,82,3.89,RU,1691461885
124,broceni,56.7,22.5333,13.95,94,100,5.89,LV,1691461885
125,karatau,43.1667,70.4667,24.76,42,66,2.7,KZ,1691461886
126,kuanda,56.3161,116.0806,26.37,39,50,0.75,RU,1691461886
127,hassi messaoud,31.6804,6.0729,27.92,21,0,2.06,DZ,1691461886
128,prey veng,11.4868,105.3253,33.58,46,30,7.4,KH,1691461887
129,igarka,67.4667,86.5833,19.51,54,10,3.0,RU,1691461888
130,sanghar,26.0466,68.9481,29.5,67,8,11.29,PK,1691461888
131,avarua,-21.2078,-159.775,24.03,69,75,2.06,CK,1691461888
132,andergrove,-21.0833,149.1833,24.8,71,3,7.28,AU,1691461888
133,lebu,-37.6167,-73.65,9.85,79,99,0.99,CL,1691461889
134,acapulco de juarez,16.8634,-99.8901,29.9,79,40,2.06,MX,1691461779
135,kailua-kona,19.6406,-155.9956,30.98,65,0,6.17,US,1691461889
136,sinabang,2.4803,96.3801,24.98,88,100,0.71,ID,1691461890
137,mont-dore,-22.2833,166.5833,22.99,76,95,5.98,NC,1691461890
138,tiksi,71.6872,128.8694,10.42,55,39,2.17,RU,1691461890
139,kachug,53.9606,105.8817,22.91,52,21,2.53,RU,1691461891
140,college,64.8569,-147.8028,23.1,59,75,1.54,US,1691461819
141,mikhaylovka,50.06,43.2379,23.17,44,0,3.8,RU,1691461891
142,valparaiso,-33.0393,-71.6273,15.0,66,100,1.54,CL,1691461892
143,isla vista,34.4133,-119.861,25.2,78,20,3.6,US,1691461892
144,bangaon,23.0667,88.8167,25.17,96,100,4.43,IN,1691461892
145,arawa,-6.2132,155.5367,26.23,91,100,1.75,PG,1691461892
146,hawaiian paradise park,19.5933,-154.9731,28.73,69,100,5.14,US,1691461893
147,byron bay,-28.65,153.6167,19.28,48,42,6.0,AU,1691461893
148,sarmiento,-45.5882,-69.07,6.21,56,100,2.65,AR,1691461894
149,sai kung,22.3822,114.2728,34.6,78,74,3.54,CN,1691461894
150,al ghayzah,16.2079,52.176,25.68,90,38,4.32,YE,1691461894
151,nyurba,63.2842,118.3319,26.22,41,7,3.55,RU,1691461894
152,tindouf,27.6711,-8.1474,33.25,29,40,3.09,DZ,1691461895
153,namibe,-15.1961,12.1522,17.45,85,0,0.39,AO,1691461895
154,bonny,4.4522,7.1681,25.06,82,75,3.84,NG,1691461896
155,dudinka,69.4058,86.1778,18.68,54,100,3.45,RU,1691461896
156,ponnani,10.767,75.9252,24.62,76,100,2.16,IN,1691461896
157,grand falls-windsor,48.9332,-55.6649,13.06,88,35,3.45,CA,1691461896
158,impfondo,1.6381,18.0667,20.94,95,100,0.66,CG,1691461896
159,barcelos,41.5388,-8.6151,27.08,38,0,2.33,PT,1691461897
160,shenkursk,62.1091,42.896,14.65,80,0,2.59,RU,1691461897
161,el nido,11.1858,119.3956,29.55,73,19,7.2,PH,1691461898
162,susuman,62.7833,148.1667,11.59,39,82,4.86,RU,1691461898
163,natchitoches,31.7668,-93.1335,32.47,66,0,1.54,US,1691461899
164,albany,42.6001,-73.9662,22.98,91,100,2.24,US,1691461676
165,tateyama,34.9833,139.8667,32.96,62,40,3.6,JP,1691461899
166,mossel bay,-34.1831,22.146,12.51,78,0,3.62,ZA,1691461899
167,peace river,56.2501,-117.286,22.17,73,100,4.63,CA,1691461902
168,barranquilla,10.9639,-74.7964,24.88,88,40,1.54,CO,1691461482
169,weno,7.4515,151.8468,25.97,94,100,2.57,FM,1691461902
170,gadzhiyevo,69.2551,33.3362,14.05,72,41,5.42,RU,1691461903
171,kpandu,6.9954,0.2931,22.54,95,54,3.29,GH,1691461903
172,hasaki,35.7333,140.8333,32.94,78,100,3.96,JP,1691461904
173,vadso,70.0744,29.7487,16.09,77,75,2.06,NO,1691461904
174,juan griego,11.0817,-63.9655,29.07,84,39,5.66,VE,1691461904
175,ulanhot,46.0833,122.0833,21.28,72,88,3.14,CN,1691461905
176,mananara,-16.1667,49.7667,18.19,95,45,2.29,MG,1691461906
177,margaret river,-33.95,115.0667,15.06,82,94,9.81,AU,1691461907
178,itoman,26.1247,127.6694,28.01,87,75,9.26,JP,1691461907
179,norfolk,42.1668,-71.2495,22.76,94,40,0.0,US,1691461678
180,port alfred,-33.5906,26.891,15.86,86,19,2.52,ZA,1691461909
181,jeddah,21.5169,39.2192,29.92,54,0,0.0,SA,1691461794
182,sinazongwe,-17.2614,27.4618,17.29,65,6,1.69,ZM,1691461909
183,east end,34.5507,-92.341,26.49,94,0,1.8,US,1691461909
184,antanifotsy,-19.65,47.3167,8.85,96,55,0.12,MG,1691461910
185,saipan,15.1355,145.701,31.39,100,75,3.6,MP,1691461910
186,letterkenny,54.95,-7.7333,8.76,95,84,1.11,IE,1691461910
187,tofol,5.3248,163.0078,28.04,72,76,2.71,FM,1691461912
188,whangarei,-35.7317,174.3239,12.33,92,100,2.94,NZ,1691461648
189,el calafate,-50.3408,-72.2768,-0.84,63,100,1.15,AR,1691461913
190,tolanaro,-25.0319,46.9987,18.04,100,75,7.2,MG,1691461913
191,port lincoln,-34.7333,135.8667,15.77,45,0,3.8,AU,1691461913
192,longyearbyen,78.2186,15.6401,5.32,96,100,1.69,SJ,1691461913
193,bodo,67.28,14.405,18.21,95,40,8.23,NO,1691461913
194,cabo san lucas,22.8909,-109.9124,33.12,66,17,3.58,MX,1691461529
195,brisas de zicatela,15.8369,-97.0419,29.29,58,20,0.0,MX,1691461914
196,iskateley,67.6803,53.1512,10.3,73,89,4.2,RU,1691461915
197,aki,33.5,133.9,27.97,89,59,6.08,JP,1691461915
198,mariental,-24.6333,17.9667,12.69,30,0,4.9,NA,1691461915
199,calinesti,44.8167,25.05,14.93,78,80,2.45,RO,1691461915
200,enewetak,11.3474,162.3373,27.28,81,100,3.49,MH,1691461917
201,urangan,-25.3,152.9,18.45,75,52,6.96,AU,1691461918
202,touros,-5.1989,-35.4608,23.98,87,29,5.46,BR,1691461918
203,betio village,1.358,172.9211,28.02,71,98,2.47,KI,1691461919
204,lumezzane,45.65,10.25,18.01,47,100,2.28,IT,1691461919
205,cukai,4.25,103.4167,30.0,66,2,2.52,MY,1691461919
206,da lat,11.9465,108.4419,22.5,67,92,3.02,VN,1691461921
207,ancud,-41.8697,-73.8203,8.28,87,83,3.03,CL,1691461922
208,moroni,-11.7022,43.2551,23.6,77,5,5.41,KM,1691461922
209,blachownia,50.7802,18.9639,12.69,90,99,5.75,PL,1691461924
210,tidjikja,18.5564,-11.4271,29.15,25,1,7.68,MR,1691461924
211,ambalangoda,6.2355,80.0538,27.26,83,89,5.73,LK,1691461925
212,arkhangel'sk,64.5401,40.5433,13.55,82,0,3.49,RU,1691461925
213,juneau,58.3019,-134.4197,17.9,94,100,1.54,US,1691461805
214,dakar,14.6937,-17.4441,27.07,78,40,5.14,SN,1691461926
215,smolenskoye,52.3044,85.0781,21.37,55,47,0.58,RU,1691461926
216,dongola,19.1667,30.4833,33.52,36,66,3.78,SD,1691461926
217,luwuk,-0.9516,122.7875,26.85,79,65,2.51,ID,1691461722
218,ryotsu-minato,38.0833,138.4333,31.09,59,100,1.56,JP,1691461927
219,eyl,7.9803,49.8164,26.14,63,61,12.09,SO,1691461927
220,adis zemen,12.1167,37.7833,13.71,90,44,1.17,ET,1691461928
221,saqqez,36.2499,46.2735,21.67,43,0,1.96,IR,1691461929
222,georgetown,5.4112,100.3354,29.97,78,40,2.68,MY,1691461632
223,luorong,24.4058,109.6086,30.23,74,70,3.09,CN,1691461929
224,ripley,53.0333,-1.4,12.45,87,50,2.99,GB,1691461930
225,cotoca,-17.8167,-63.05,26.92,34,73,5.62,BO,1691461930
226,praia,14.9215,-23.5087,26.3,73,40,6.69,CV,1691461931
227,kavaratti,10.5669,72.642,27.82,75,100,8.46,IN,1691461931
228,pyt-yakh,60.7499,72.8582,21.7,51,27,3.43,RU,1691461931
229,minas de marcona,-15.2119,-75.1103,12.75,85,24,4.05,PE,1691461932
230,tomatlan,19.9333,-105.25,27.11,79,44,1.47,MX,1691461932
231,el granada,37.5027,-122.4694,26.71,84,100,8.23,US,1691461932
232,porto novo,6.4965,2.6036,24.25,87,68,4.14,BJ,1691461932
233,caxias do sul,-29.1681,-51.1794,9.98,97,100,1.59,BR,1691461933
234,pariaman,-0.619,100.12,28.03,76,37,1.18,ID,1691461664
235,mugia,43.1041,-9.2179,21.06,72,0,9.21,ES,1691461933
236,lascano,-33.6667,-54.2,5.18,91,0,2.97,UY,1691461934
237,pasuquin,18.3328,120.6177,29.97,89,75,6.69,PH,1691461934
238,mali,12.079,-12.2982,15.06,93,96,1.65,GN,1691461934
239,malanje,-9.5402,16.341,15.98,68,1,1.42,AO,1691461935
240,odienne,9.51,-7.5692,21.07,97,100,1.28,CI,1691461935
241,soio,-6.1349,12.3689,20.66,92,84,3.11,AO,1691461936
242,ziro,27.6333,93.8333,17.41,99,100,0.45,IN,1691461936
243,wynyard,-41.0,145.7167,12.6,58,13,2.1,AU,1691461936
244,malango,-2.9627,119.9001,26.11,61,34,1.9,ID,1691461937
245,berezovka,53.7214,25.4993,12.7,85,100,5.01,BY,1691461937
246,revda,56.801,59.9303,15.47,96,91,1.93,RU,1691461937
247,at taj,24.2049,23.2857,27.11,31,5,4.02,LY,1691461937
248,trairi,-3.2778,-39.2689,25.86,80,58,5.7,BR,1691461938
249,san juan de miraflores,-12.1629,-76.9635,20.29,79,81,3.37,PE,1691461938
250,la passe,45.5549,-0.8967,13.88,72,42,2.23,FR,1691461938
251,greymouth,-42.4667,171.2,8.99,70,82,1.18,NZ,1691461939
252,catriel,-37.8791,-67.7956,11.15,34,99,11.21,AR,1691461939
253,nova sintra,14.8667,-24.7167,22.08,78,27,6.34,CV,1691461939
254,haines city,28.1142,-81.6179,31.59,78,0,2.06,US,1691461670
255,tanumah,27.1,44.1333,28.72,11,0,4.27,SA,1691461940
256,altamont,42.2068,-121.7372,25.91,29,0,6.69,US,1691461940
257,kerikeri,-35.2268,173.9474,11.35,91,100,2.93,NZ,1691461941
258,zapolyarnyy,69.4154,30.8136,14.6,73,13,3.92,RU,1691461941
259,manay,7.215,126.5397,30.74,67,88,4.89,PH,1691461941
260,pisco,-13.7,-76.2167,19.03,77,100,6.69,PE,1691461942
261,bari sadri,24.4167,74.4667,24.14,82,100,6.92,IN,1691461943
262,mazamari,-11.3258,-74.5308,21.29,86,45,1.01,PE,1691461943
263,daru,-9.0763,143.2092,24.55,80,69,6.46,PG,1691461943
264,molde,62.7375,7.1591,13.17,94,75,0.51,NO,1691461944
265,auki,-8.7676,160.7034,26.8,86,94,2.37,SB,1691461945
266,wailua homesteads,22.0669,-159.378,29.44,79,40,8.75,US,1691461945
267,markovo,57.3206,107.0881,26.71,44,46,2.8,RU,1691461946
268,sao jose do belmonte,-7.8614,-38.7597,19.9,89,2,4.52,BR,1691461946
269,illizi,26.4833,8.4667,33.89,22,5,5.52,DZ,1691461946
270,east london,-33.0153,27.9116,16.05,85,6,3.42,ZA,1691461947
271,rabaul,-4.1967,152.1721,28.11,72,74,6.42,PG,1691461947
272,jamestown,42.097,-79.2353,19.2,96,100,6.17,US,1691461920
273,mitu,1.1983,-70.1733,23.19,93,99,0.4,CO,1691461948
274,happy valley-goose bay,53.3168,-60.3315,15.17,88,75,1.54,CA,1691461812
275,vallenar,-28.5708,-70.7581,15.37,68,82,1.02,CL,1691461948
276,mosjoen,65.836,13.1908,15.29,94,100,1.03,NO,1691461949
277,ebon,4.582,168.6964,26.28,84,100,6.48,MH,1691461949
278,isafjordur,66.0755,-23.124,10.62,58,77,0.74,IS,1691461949
279,keflavik,64.0049,-22.5624,11.24,93,75,1.03,IS,1691461753
280,nouadhibou,20.931,-17.0347,20.99,88,0,3.6,MR,1691461951
281,shakawe,-18.3667,21.85,11.94,58,4,2.11,BW,1691461951
282,kone,-21.0595,164.8658,21.88,63,100,5.44,NC,1691461952
283,kilju,40.9642,129.3278,22.58,79,94,4.29,KP,1691461953
284,hamilton,39.1834,-84.5333,22.07,82,100,5.66,US,1691461702
285,maralal,1.0968,36.698,12.42,75,2,1.16,KE,1691461953
286,hastings,50.8552,0.5729,13.77,44,98,4.78,GB,1691461953
287,constantia,44.1833,28.65,18.38,57,9,6.67,RO,1691461867
288,natal,-5.795,-35.2094,23.36,100,20,3.09,BR,1691461955
289,luderitz,-26.6481,15.1594,15.65,63,0,6.69,NA,1691461956
290,dzhalagash,45.0833,64.6667,26.46,43,91,2.82,KZ,1691461956
291,hithadhoo,-0.6,73.0833,27.6,71,50,0.14,MV,1691461956
292,winchester,51.0651,-1.3187,13.14,87,75,2.57,GB,1691461957
293,east ballina,-28.8667,153.5833,19.33,50,40,5.73,AU,1691461957
294,holetown,13.1867,-59.6381,27.31,79,100,3.35,BB,1691461957
295,bogatoye,53.0601,51.3325,21.84,59,0,1.95,RU,1691461957
296,muravlenko,63.7898,74.523,20.34,54,69,4.03,RU,1691461958
297,omagari,39.45,140.4833,33.42,61,95,5.62,JP,1691461958
298,mangrol,21.1167,70.1167,26.94,84,100,8.53,IN,1691461958
299,ingeniero guillermo n. juarez,-23.9,-61.85,21.82,44,95,4.46,AR,1691461959
300,green,40.9459,-81.4832,18.35,92,100,4.12,US,1691461959
301,hami,42.8,93.45,37.84,12,90,6.47,CN,1691461856
302,maitum,6.0392,124.4986,29.92,66,24,3.09,PH,1691461960
303,mount pearl,47.5166,-52.7813,14.36,91,100,9.26,CA,1691461960
304,nuuk,64.1835,-51.7216,4.34,93,20,2.06,GL,1691461960
305,maues,-3.3836,-57.7186,27.11,47,47,1.31,BR,1691461961
306,kurchum,48.5722,83.6542,21.88,62,100,1.92,KZ,1691461961
307,kaa-khem,51.6833,94.7333,19.43,76,100,0.99,RU,1691461961
308,chumphon,10.3333,98.8333,25.69,83,100,2.86,TH,1691461961
309,ylitornio,66.3089,23.6773,17.36,95,77,4.04,FI,1691461962
310,hechuan,29.9947,106.2572,31.27,68,75,1.86,CN,1691461917
311,rikaze,29.25,88.8833,17.8,46,93,1.4,CN,1691461962
312,new norfolk,-42.7826,147.0587,14.4,47,5,0.97,AU,1691461963
313,nabire,-3.3667,135.4833,30.19,59,26,2.0,ID,1691461964
314,taulaga,-11.0553,-171.0883,27.94,73,100,6.61,AS,1691461964
315,gillette,44.2911,-105.5022,16.17,72,94,0.45,US,1691461965
316,kavieng,-2.5744,150.7967,28.44,69,81,5.78,PG,1691461965
317,moron,-34.6534,-58.6198,9.44,71,7,7.6,AR,1691461965
318,naze,28.3667,129.4833,25.51,91,90,13.45,JP,1691461965
319,vila do maio,15.1333,-23.2167,26.44,78,100,5.28,CV,1691461965
320,volodymyr-volynskyi,50.8525,24.3236,12.86,95,99,4.98,UA,1691461966
321,salekhard,66.53,66.6019,18.23,77,27,2.06,RU,1691461966
322,onega,63.9061,38.1404,15.64,76,0,5.02,RU,1691461967
323,mandan,46.8267,-100.8896,22.99,65,0,4.12,US,1691461967
324,tsiombe,-25.3,45.4833,17.53,79,6,1.49,MG,1691461968
325,cruzeiro do sul,-29.5128,-51.9853,13.62,88,87,1.7,BR,1691461968
326,colonia,50.9333,6.95,14.36,80,0,2.57,DE,1691461968
327,kutum,14.2,24.6667,22.08,73,34,1.4,SD,1691461969
328,constitucion,-35.3333,-72.4167,11.35,83,98,2.08,CL,1691461969
329,jose maria morelos,23.3952,-103.8984,21.44,34,21,1.73,MX,1691461969
330,duba-yurt,43.0372,45.7319,24.54,75,0,3.29,RU,1691461970
331,north branch,45.5113,-92.9802,23.04,68,31,3.14,US,1691461970
332,shannon,52.7039,-8.8642,15.0,88,100,2.57,IE,1691461970
333,maua,-23.6678,-46.4614,19.64,93,50,5.97,BR,1691461971
334,tchintabaraden,15.8969,5.7985,26.25,68,100,5.45,NE,1691461971
335,kolonia town,6.964,158.206,30.0,84,100,1.54,FM,1691461971
336,chu,43.5983,73.7614,25.79,38,99,5.32,KZ,1691461971
337,duba,27.3513,35.6901,32.67,32,0,3.95,SA,1691461972
338,maracacume,-2.0428,-45.9592,22.75,98,22,1.34,BR,1691461972
339,kabompo,-13.5927,24.2008,14.13,63,1,3.01,ZM,1691461972
340,ardestan,33.3761,52.3694,27.95,31,88,1.0,IR,1691461973
341,kayangel,8.0823,134.7173,28.27,73,100,8.08,PW,1691461973
342,smithers,54.7804,-127.1743,18.18,59,100,4.63,CA,1691461814
343,ji'an,27.1172,114.9793,32.62,66,58,0.41,CN,1691461974
344,ponta delgada,37.7333,-25.6667,21.4,88,40,2.06,PT,1691461958
345,fort st. john,56.2499,-120.8529,17.94,77,75,5.14,CA,1691461975
346,maumere,-8.6199,122.2111,27.45,58,2,2.84,ID,1691461975
347,ust-nera,64.5667,143.2,15.13,30,92,1.99,RU,1691461975
348,natchez,31.5604,-91.4032,29.12,79,0,0.0,US,1691461824
349,umm as sahik,26.6536,49.9164,32.08,23,4,5.22,SA,1691461975
350,kilindoni,-7.9139,39.6668,24.74,78,50,7.98,TZ,1691461976
351,vuktyl,63.8567,57.3094,14.84,77,40,4.08,RU,1691461976
352,port shepstone,-30.7414,30.455,16.29,83,0,3.05,ZA,1691461976
353,rockport,28.0206,-97.0544,30.03,89,40,5.14,US,1691461977
354,haiku-pauwela,20.9219,-156.3051,30.01,59,20,12.35,US,1691461977
355,aberdeen,57.1437,-2.0981,11.27,90,31,5.14,GB,1691461769
356,zunheboto,25.9667,94.5167,20.58,98,100,0.45,IN,1691461979
357,mount gambier,-37.8333,140.7667,14.0,54,0,2.23,AU,1691461979
358,san pedro pochutla,15.7333,-96.4667,25.06,88,1,2.05,MX,1691461979
359,binji,13.2228,4.9096,25.29,82,100,5.3,NG,1691461979
360,bafra,41.5678,35.9069,22.06,84,0,1.71,TR,1691461980
361,bridgetown,13.1,-59.6167,27.27,94,20,3.09,BB,1691461647
362,harstad,68.799,16.5293,17.91,100,77,4.02,NO,1691461980
363,mazidagi,37.4775,40.4881,30.5,26,0,2.19,TR,1691461980
364,sao joao da barra,-21.6403,-41.0511,21.58,89,0,4.32,BR,1691461683
365,fortuna,40.5982,-124.1573,17.97,94,100,6.17,US,1691461981
366,saint-pierre,-21.3393,55.4781,20.82,68,0,8.23,RE,1691461981
367,whitehorse,60.7161,-135.0538,22.23,45,75,4.63,CA,1691461756
368,yelizovo,53.1873,158.3805,23.08,40,0,2.0,RU,1691461982
369,howrah,22.5892,88.3103,27.0,94,100,3.09,IN,1691461717
370,kuqa,41.7278,82.9364,24.28,46,100,5.48,CN,1691461982
371,yendi,9.4427,-0.0099,21.97,97,69,1.72,GH,1691461983
372,aykhal,66.0,111.5,21.6,36,84,4.84,RU,1691461983
373,kapa'a,22.0752,-159.319,30.18,79,40,8.75,US,1691461984
374,arraial do cabo,-22.9661,-42.0278,21.43,77,0,4.79,BR,1691461985
375,katima mulilo,-17.5,24.2667,13.35,60,4,1.79,NA,1691461986
376,chonchi,-42.6128,-73.8092,9.51,85,100,1.84,CL,1691461986
377,antsiranana,-12.2787,49.2917,21.34,76,6,5.44,MG,1691461987
378,madalena,41.2162,-8.3345,26.32,53,0,1.86,PT,1691461988
379,hadibu,12.65,54.0333,25.7,80,49,10.25,YE,1691461988
380,sao paulo de olivenca,-3.3783,-68.8725,23.86,94,100,1.16,BR,1691461988
381,umea,63.8284,20.2597,21.96,78,0,5.66,SE,1691461989
382,huayin,34.5675,110.0921,31.82,59,12,1.71,CN,1691461989
383,sittwe,20.15,92.9,26.58,89,100,6.7,MM,1691461990
384,nicoya,10.1483,-85.452,25.38,86,100,1.23,CR,1691461990
385,vorkuta,67.5,64.0,13.73,78,93,5.27,RU,1691461991
386,egilsstadir,65.2653,-14.3948,3.95,87,0,2.57,IS,1691461992
387,isfana,39.8386,69.5306,19.31,36,0,1.25,KG,1691461992
388,ghat,24.9647,10.1728,31.7,12,1,0.84,LY,1691461993
389,la'ie,21.6477,-157.9253,30.98,72,6,5.81,US,1691461994
390,yuscaran,13.9333,-86.85,21.58,84,100,1.78,HN,1691461994
391,buritizeiro,-17.3511,-44.9622,19.71,39,0,1.26,BR,1691461994
392,krasnogvardeyskoye,45.8456,41.5186,24.51,48,0,2.94,RU,1691461995
393,taro,-8.3862,115.28,23.0,45,40,1.63,ID,1691461995
394,atafu village,-8.5421,-172.5159,28.35,71,13,6.04,TK,1691461996
395,ulladulla,-35.35,150.4667,15.14,60,5,3.39,AU,1691461984
396,udomlya,57.8794,34.9925,20.26,73,35,4.89,RU,1691461937
397,sydney mines,46.2367,-60.2177,17.22,94,20,1.03,CA,1691461996
398,newport beach,33.6189,-117.9289,28.31,80,20,5.66,US,1691461997
399,willemstad,12.1084,-68.9335,28.95,79,0,5.14,CW,1691461997
400,guajara,-2.9667,-57.6667,26.02,53,49,1.09,BR,1691461997
401,cayeli,41.0923,40.7292,24.58,68,3,1.95,TR,1691461998
402,klyuchi,52.2667,79.1667,23.06,35,0,2.22,RU,1691461998
403,midvagur,62.0511,-7.1939,8.46,87,40,3.6,FO,1691461999
404,ilave,-16.0833,-69.6667,5.25,84,17,2.59,PE,1691461999
405,hotan,37.0997,79.9269,25.77,38,84,5.36,CN,1691461999
406,port saint john's,-31.6229,29.5448,16.47,84,0,2.84,ZA,1691461999
407,loikaw,19.6742,97.2094,20.64,99,100,1.73,MM,1691462000
408,al fuwayliq,26.4432,43.2534,27.15,12,0,4.04,SA,1691462000
409,kingston,17.997,-76.7936,29.53,78,20,4.63,JM,1691461929
410,fortaleza,-3.7227,-38.5247,27.34,78,40,7.2,BR,1691461929
411,takaungu,-3.6837,39.8566,23.06,87,12,5.42,KE,1691462001
412,saynshand,44.8824,110.1163,25.68,43,1,6.05,MN,1691462001
413,puerto deseado,-47.7503,-65.8938,5.27,88,100,9.04,AR,1691462001
414,horta,38.5333,-28.6333,20.57,82,7,3.58,PT,1691462002
415,san sebastian de la gomera,28.0916,-17.1133,23.2,78,0,0.51,ES,1691462003
416,al mijlad,11.0333,27.7333,24.66,79,95,4.13,SD,1691462004
417,pitimbu,-7.4706,-34.8086,24.33,84,9,5.26,BR,1691462004
418,alta,69.9689,23.2717,16.59,85,100,4.63,NO,1691462004
419,turek,52.0155,18.5005,11.69,84,93,8.07,PL,1691462004
420,brigantine,39.4101,-74.3646,21.14,95,75,4.63,US,1691462005
421,shirdi,19.7667,74.4833,25.59,70,99,5.0,IN,1691462005
422,zheleznogorsk-ilimskiy,56.5768,104.1217,22.09,74,82,1.47,RU,1691462005
423,kalmunai,7.4167,81.8167,29.42,62,100,2.37,LK,1691462007
424,kargat,55.1956,80.2811,22.94,44,22,2.86,RU,1691462008
425,undurkhaan,47.3194,110.6556,19.32,61,68,3.49,MN,1691462008
426,fabens,31.5023,-106.1586,34.55,28,84,9.86,US,1691462008
427,saldanha,-33.0117,17.9442,14.03,95,29,2.68,ZA,1691462009
428,burela de cabo,43.65,-7.4,18.98,88,37,5.3,ES,1691462009
429,san patricio,28.017,-97.5169,30.66,75,0,6.79,US,1691462009
430,alice springs,-23.7,133.8833,20.75,35,2,5.66,AU,1691461810
431,redencao,-4.2258,-38.7306,23.96,86,82,1.54,BR,1691462010
432,gouyave,12.1646,-61.7296,28.43,79,20,5.14,GD,1691462011
433,saint-philippe,-21.3585,55.7679,20.77,73,43,5.02,RE,1691462012
434,pontevico,45.2744,10.0925,20.34,66,100,3.26,IT,1691462012
435,manokwari,-0.8667,134.0833,28.39,71,97,2.27,ID,1691462012
436,west plains,36.7281,-91.8524,23.46,79,75,1.54,US,1691461827
437,gazojak,41.1875,61.4036,28.79,33,33,5.04,TM,1691462013
438,sola,-13.8833,167.55,24.99,79,88,6.74,VU,1691462013
439,belokurikha,51.9959,84.9896,22.06,58,31,1.11,RU,1691462013
440,chernyshevsk,52.5243,117.0174,27.87,28,34,0.91,RU,1691462015
441,namdrik,5.5994,168.1028,26.02,86,100,7.1,MH,1691462015
442,suva,-18.1416,178.4415,27.71,69,40,3.6,FJ,1691462015
443,mirandopolis,-21.1336,-51.1017,23.96,31,3,3.2,BR,1691462016
444,usogorsk,63.4106,48.6872,13.75,78,8,2.73,RU,1691462016
445,qamdo,31.1667,97.2333,14.23,56,15,2.22,CN,1691462016
446,niafunke,15.9322,-3.9906,30.7,52,55,6.24,ML,1691462017
447,zarghun shahr,32.8473,68.4457,22.66,37,0,1.89,AF,1691462017
448,hirara,24.8,125.2833,30.92,89,75,6.17,JP,1691462018
449,yung shue wan,22.2333,114.1167,34.33,75,81,3.79,HK,1691462019
450,safonovo,55.15,33.2167,13.74,95,45,3.26,RU,1691462019
451,xilin hot,43.9667,116.0333,25.46,49,33,4.26,CN,1691462019
452,paragominas,-2.9667,-47.4833,22.94,90,50,1.28,BR,1691462019
453,winton,37.3894,-120.6133,38.01,15,0,3.09,US,1691462020
454,reggane,26.7158,0.1714,35.48,13,0,7.32,DZ,1691462020
455,ust-tsilma,65.441,52.1498,11.28,74,17,2.94,RU,1691462020
456,dryden,49.7833,-92.7503,16.16,100,0,1.54,CA,1691462021
457,tuy hoa,13.0833,109.3,34.04,47,87,5.97,VN,1691462021
458,awjilah,29.1081,21.2869,23.38,75,23,5.16,LY,1691462021
459,eraan,9.0629,117.7016,31.5,62,3,4.72,PH,1691462021
460,magadan,59.5667,150.8,16.41,50,56,0.48,RU,1691462022
461,opuwo,-18.0607,13.84,14.43,33,0,2.57,NA,1691462022
462,gaspe,48.8334,-64.4819,13.12,94,20,0.0,CA,1691462023
463,anaconda,46.1285,-112.9423,16.55,74,47,0.9,US,1691462023
464,flin flon,54.7682,-101.865,15.11,66,98,3.04,CA,1691462023
465,andovoranto,-18.95,49.1,19.16,89,93,1.22,MG,1691462023
466,aldinga beach,-35.2793,138.4604,18.03,55,0,2.98,AU,1691462024
467,kataba,13.9833,44.3833,21.25,47,95,2.94,YE,1691462024
468,newman,37.3138,-121.0208,38.19,33,0,4.56,US,1691462024
469,gargalianoi,37.0667,21.6333,18.34,79,0,5.01,GR,1691462024
470,kruisfontein,-34.0033,24.7314,11.79,76,0,4.88,ZA,1691462025
471,riosucio,5.4216,-75.7032,16.11,95,100,0.61,CO,1691462026
472,quesnel,52.9999,-122.5029,28.28,30,0,2.06,CA,1691462026
473,dakhla,23.6848,-15.958,19.98,92,0,4.94,EH,1691462027
474,akureyri,65.6835,-18.0878,5.96,93,0,0.51,IS,1691461889
475,masterton,-40.9597,175.6575,5.7,98,99,2.06,NZ,1691462028
476,bel ombre,-4.6167,55.4167,24.91,83,75,5.66,SC,1691462028
477,nar'yan-mar,67.6713,53.087,10.33,73,89,4.2,RU,1691462028
478,berdigestyakh,62.0989,126.6992,23.7,28,8,3.44,RU,1691462029
479,ta`u,-14.2336,-169.5144,27.09,74,87,4.52,AS,1691462029
480,wewak,-3.5534,143.6268,27.72,78,15,3.57,PG,1691462030
481,ciudad lazaro cardenas,17.9583,-102.2,27.58,77,0,2.2,MX,1691462031
482,ma'rib,15.4591,45.3253,29.23,34,91,3.22,YE,1691462031
483,chibougamau,49.9168,-74.3659,17.79,77,75,2.06,CA,1691462032
484,zeya,53.75,127.2667,29.37,27,75,1.54,RU,1691462032
485,as sulayyil,20.4607,45.5779,30.14,15,57,3.67,SA,1691462033
486,acarau,-2.8856,-40.12,25.74,84,38,7.43,BR,1691462033
487,kourou,5.1552,-52.6478,26.03,91,100,3.19,GF,1691462034
488,parun,35.4207,70.9221,16.37,31,0,2.95,AF,1691462035
489,sainte-marie,-20.8968,55.5496,21.09,73,35,8.23,RE,1691462035
490,bouar,5.934,15.596,18.51,99,100,0.91,CF,1691462036
491,medyn',54.9692,35.8586,17.25,98,30,2.45,RU,1691462036
492,les avirons,-21.2418,55.3394,19.05,68,0,8.23,RE,1691462036
493,vernon,50.2581,-119.2691,29.74,50,100,0.0,CA,1691461815
494,san luis de la loma,17.2706,-100.8939,27.57,83,9,2.68,MX,1691462037
495,tzucacab,20.0667,-89.05,28.17,66,45,1.46,MX,1691462038
496,presidente epitacio,-21.7633,-52.1156,23.52,37,1,0.41,BR,1691461983
497,al wajh,26.2455,36.4525,29.97,70,0,2.57,SA,1691462039
498,bojonegoro,-7.1502,111.8817,30.53,54,20,3.51,ID,1691462039
499,baishishan,43.5833,127.5667,22.51,75,98,1.29,CN,1691462039
500,fisterra,42.9049,-9.2629,20.97,64,0,7.2,ES,1691462040
501,turpan,42.9333,89.1667,39.38,16,97,1.19,CN,1691462040
502,port blair,11.6667,92.75,29.02,79,75,5.14,IN,1691461740
503,cascavel,-24.9558,-53.4553,16.78,88,20,8.23,BR,1691462041
504,oromocto,45.8351,-66.4792,17.96,72,100,2.06,CA,1691462042
505,bukoba,-1.3317,31.8122,23.01,59,93,6.28,TZ,1691462042
506,prince george,53.9166,-122.753,25.7,44,0,1.03,CA,1691461809
507,mwene-ditu,-7.0,23.45,22.06,37,81,1.31,CD,1691462043
508,borivli,19.2333,72.85,27.95,83,75,5.66,IN,1691462044
509,hailey,43.5196,-114.3153,20.49,55,0,2.06,US,1691462044
510,amurzet,47.6967,131.0981,18.04,89,100,3.04,RU,1691462045
511,along,28.1667,94.7667,29.05,81,99,0.6,IN,1691462045
512,jabor,5.921,169.6434,25.48,89,100,6.78,MH,1691462045
513,rosario del tala,-32.3029,-59.1455,6.31,73,50,4.11,AR,1691462045
514,forster,-32.1667,152.5167,17.99,65,24,4.28,AU,1691462046
515,sao miguel do araguaia,-13.275,-50.1628,24.09,30,0,0.95,BR,1691462046
516,freetown,8.484,-13.2299,25.19,87,99,3.24,SL,1691462047
517,kendari,-3.945,122.4989,29.39,57,3,1.81,ID,1691462047
518,sao geraldo do araguaia,-6.4006,-48.555,25.66,44,42,0.48,BR,1691462048
519,bartica,6.4,-58.6167,26.18,95,31,1.18,GY,1691462048
520,pointe-noire,-4.7761,11.8635,20.58,93,53,1.87,CG,1691462049
521,twin falls,42.3505,-114.6445,21.19,46,0,2.57,US,1691462049
522,mili,6.0815,171.735,25.48,86,100,1.53,MH,1691462049
523,galdar,28.147,-15.6502,22.42,79,21,2.85,ES,1691462050
524,saudarkrokur,65.7461,-19.6394,7.57,85,44,1.25,IS,1691462050
525,tromso,69.6496,18.957,12.01,87,40,1.54,NO,1691462051
526,choibalsan,48.0667,114.5,14.58,96,100,2.58,MN,1691462051
527,coquimbo,-29.9533,-71.3436,13.85,94,100,3.6,CL,1691461997
528,guardo,42.7897,-4.8482,12.03,57,0,1.66,ES,1691462052
529,elliot lake,46.3834,-82.6331,12.52,92,89,2.36,CA,1691462052
530,sanctuary point,-35.1114,150.629,18.88,58,3,3.1,AU,1691462053
531,lavrio,37.7145,24.0565,27.99,65,0,2.71,GR,1691462053
532,erdenet,49.0333,104.0833,19.77,72,83,2.29,MN,1691461998
533,villa de arista,22.65,-100.8333,25.45,54,0,7.44,MX,1691462053
534,aripuana,-9.1667,-60.6333,27.22,47,62,0.65,BR,1691462054
535,bontang,0.1333,117.5,29.73,60,5,3.05,ID,1691462054
536,bubaque,11.2833,-15.8333,26.92,81,94,3.04,GW,1691462054
537,micheweni,-4.9667,39.8333,23.46,85,6,4.95,TZ,1691462054
538,pizarro,4.9533,-77.366,26.03,88,100,1.66,CO,1691462055
539,yulinshi,38.2906,109.7494,28.12,43,66,5.17,CN,1691462055
540,srikakulam,18.3,83.9,29.82,63,100,3.02,IN,1691462055
541,ranau,5.9538,116.6641,30.18,51,30,0.48,MY,1691462056
542,vila franca do campo,37.7167,-25.4333,21.23,85,26,1.82,PT,1691462057
543,ocean shores,46.9737,-124.1563,20.0,87,0,5.66,US,1691462057
544,ust'-ilimsk,58.0006,102.6619,21.34,60,97,1.43,RU,1691462058
545,ornskoldsvik,63.2909,18.7153,22.53,83,0,4.63,SE,1691462058
546,inarajan village,13.2736,144.7484,29.08,91,56,3.23,GU,1691462058
547,petukhovo,55.0692,67.9019,21.03,47,100,2.12,RU,1691462059
548,richards bay,-28.783,32.0377,15.64,92,4,1.85,ZA,1691462060
549,lesosibirsk,58.2358,92.4828,20.76,51,33,2.26,RU,1691462060
550,kozhikode,11.25,75.7667,24.65,76,100,2.11,IN,1691462060
551,boca suno,-0.7167,-77.1333,21.18,89,98,0.45,EC,1691462061
552,yerofey pavlovich,53.9667,121.9667,25.66,31,74,2.8,RU,1691462061
553,gamba,-2.65,10.0,20.47,90,82,0.84,GA,1691462061
554,imbituba,-28.24,-48.6703,18.81,91,100,4.52,BR,1691461948
555,neiafu,-18.65,-173.9833,27.38,83,75,4.12,TO,1691462062
556,contamana,-7.3333,-75.0167,26.82,65,84,1.5,PE,1691462062
557,anloga,5.7947,0.8973,24.5,89,83,7.15,GH,1691462063
558,walvis bay,-22.9575,14.5053,9.53,100,2,2.06,NA,1691462063
559,waingapu,-9.6567,120.2641,27.8,59,8,8.95,ID,1691462063
560,siniscola,40.5719,9.6922,17.75,55,0,2.56,IT,1691462064
561,marquette,46.5333,-87.6335,18.2,86,30,0.45,US,1691462064
562,kili,5.6439,169.1211,25.45,89,100,6.44,MH,1691462065
563,griffith,41.5284,-87.4237,22.96,85,75,0.0,US,1691462065
564,xining,36.6167,101.7667,22.11,48,6,0.26,CN,1691462068
565,robbah,33.2797,6.9098,28.8,45,0,5.48,DZ,1691462068
566,baoshan,46.5586,131.4244,19.91,87,98,2.9,CN,1691462068
567,dzuunharaa,48.8523,106.4579,22.28,64,7,0.71,MN,1691462069
568,christchurch,-43.5333,172.6333,11.9,53,40,3.09,NZ,1691461570
569,troitsko-pechorsk,62.7084,56.1964,16.11,75,75,4.18,RU,1691462069
570,cole harbour,44.6724,-63.4751,17.71,82,100,3.09,CA,1691462069
571,sept-iles,50.2001,-66.3821,16.29,80,20,0.51,CA,1691461810
572,soure,-0.7167,-48.5233,26.07,84,33,3.76,BR,1691462070
573,tiznit,29.5833,-9.5,23.28,65,7,1.01,MA,1691462071
574,qaisumah,28.3112,46.1273,29.98,15,0,2.06,SA,1691462071
575,nykvarn,59.8,18.3,16.94,96,100,2.74,SE,1691462071
576,pendencias,-5.26,-36.7222,22.51,85,13,3.6,BR,1691462072
577,baiti,13.745,-14.7482,25.48,92,96,2.59,SN,1691462072
578,barabai,-2.5833,115.3833,31.32,47,69,0.27,ID,1691462073
579,myitkyina,25.3833,97.4,24.1,100,100,0.13,MM,1691462073
580,yamada,39.4667,141.95,28.7,75,53,5.28,JP,1691462073
581,tommot,58.9564,126.2925,24.91,51,8,4.02,RU,1691462073
582,tralee,52.2704,-9.7026,13.39,97,97,1.03,IE,1691462074
